Manufacturer,PartNo,Description,Type,Length,AftOuterDiameter,AftShoulderLength,AftShoulderDiameter,Filled,Shape,Material,Mass
Semroc,BC-08542,Ogive,NOSE_CONE,0.10668,0.023876,0.0127,0.02159,1,ogive,Balsa,0.004252428
Semroc,BC-1016,Ogive,NOSE_CONE,0.04064,0.026416,0.0127,0.0254,1,ogive,Balsa,0.003401943
Semroc,BC-1019,Ogive,NOSE_CONE,0.04826,0.026416,0.0127,0.0254,1,ogive,Balsa,0.003685438
Semroc,BC-1020E,Elliptical,NOSE_CONE,0.0508,0.026416,0.0127,0.0254,1,elliptical,Balsa,0.003685438
Semroc,BC-1022,Bezier,NOSE_CONE,0.05588,0.026416,0.0127,0.0254,1,elliptical,Balsa,0.004252428
Semroc,BC-1024,Ogive,NOSE_CONE,0.06096,0.026416,0.0127,0.0254,1,ogive,Balsa,0.004252428
Semroc,BC-1031,Bezier,NOSE_CONE,0.07874,0.026416,0.0127,0.0254,1,elliptical,Balsa,0.004252428
Semroc,BC-1032,Ogive,NOSE_CONE,0.08128,0.026416,0.0127,0.0254,1,ogive,Balsa,0.004252428
Semroc,BC-1037,Ogive,NOSE_CONE,0.09398,0.026416,0.0127,0.0254,1,ogive,Balsa,0.004535924
Semroc,BC-1039,Ogive,NOSE_CONE,0.09906,0.026416,0.0127,0.0254,1,ogive,Balsa,0.004819419
Semroc,BC-1041,Conical,NOSE_CONE,0.10414,0.026416,0.0127,0.0254,1,cone,Balsa,0.005102914
Semroc,BC-1041G,Bezier,NOSE_CONE,0.10414,0.026416,0.0127,0.0254,1,elliptical,Balsa,0.005102914
Semroc,BC-1041P,Bezier,NOSE_CONE,0.10414,0.026416,0.0127,0.0254,1,elliptical,Balsa,0.005102914
Semroc,BC-1045,Ogive,NOSE_CONE,0.1143,0.026416,0.0127,0.0254,1,ogive,Balsa,0.005386409
Semroc,BC-1045P,Rounded Ogive,NOSE_CONE,0.1143,0.026416,0.0127,0.0254,1,ogive,Balsa,0.005386409
Semroc,BC-1048,Rounded Ogive,NOSE_CONE,0.12192,0.026416,0.0127,0.0254,1,ogive,Balsa,0.005386409
Semroc,BC-1050,Bezier,NOSE_CONE,0.127,0.026416,0.0127,0.0254,1,elliptical,Balsa,0.005669905
Semroc,BC-1051,Conical,NOSE_CONE,0.12954,0.026416,0.0127,0.0254,1,cone,Balsa,0.005669905
Semroc,BC-1052,Ogive,NOSE_CONE,0.13208,0.026416,0.0127,0.0254,1,ogive,Balsa,0.006236895
Semroc,BC-1135,Rounded Ogive,NOSE_CONE,0.0889,0.029718,0.0127,0.028702,1,ogive,Balsa,0.004252428
Semroc,BC-11518,Elliptical,NOSE_CONE,0.0889,0.030988,0.02032,0.028956,1,elliptical,Balsa,0.003685438
Semroc,BC-11524,Bezier,NOSE_CONE,0.06096,0.030988,0.02032,0.028956,1,elliptical,Balsa,0.004252428
Semroc,BC-11535,Bezier,NOSE_CONE,0.0889,0.030988,0.02032,0.028956,1,elliptical,Balsa,0.005669905
Semroc,BC-11544,Ogive,NOSE_CONE,0.11176,0.030988,0.02032,0.028956,1,ogive,Balsa,0.006236895
Semroc,BC-11546,Ogive,NOSE_CONE,0.11684,0.030988,0.02032,0.028956,1,ogive,Balsa,0.00652039
Semroc,BC-11549,Ogive,NOSE_CONE,0.12446,0.030988,0.02032,0.028956,1,ogive,Balsa,0.007087381
Semroc,BC-11554,Ogive,NOSE_CONE,0.13716,0.030988,0.02032,0.028956,1,ogive,Balsa,0.007654371
Semroc,BC-11560,Ogive,NOSE_CONE,0.1524,0.030988,0.02032,0.028956,1,ogive,Balsa,0.007937866
Semroc,BC-12525,Ogive,NOSE_CONE,0.0635,0.034036,0.02032,0.03175,1,ogive,Balsa,0.004252428
Semroc,BC-12536,Bezier,NOSE_CONE,0.09144,0.034036,0.02032,0.028956,1,elliptical,Balsa,0.0059534
Semroc,BC-12545,Elliptical,NOSE_CONE,0.1143,0.034036,0.02032,0.028956,1,elliptical,Balsa,0.006803886
Semroc,BC-12548,Ogive,NOSE_CONE,0.12192,0.034036,0.02032,0.028956,1,ogive,Balsa,0.007087381
Semroc,BC-12555,Ogive,NOSE_CONE,0.1397,0.034036,0.02032,0.028956,1,ogive,Balsa,0.009638838
Semroc,BC-12561,Ogive,NOSE_CONE,0.15494,0.034036,0.02032,0.028956,1,ogive,Balsa,0.010489324
Semroc,BC-1319,Elliptical,NOSE_CONE,0.04826,0.034036,0.0127,0.03302,1,elliptical,Balsa,0.005102914
Semroc,BC-1321,Bezier,NOSE_CONE,0.05334,0.034036,0.0127,0.03302,1,ogive,Balsa,0.005386409
Semroc,BC-1327,Bezier,NOSE_CONE,0.06858,0.034036,0.0127,0.03302,1,ogive,Balsa,0.0059534
Semroc,BC-1329,Rounded-Ogive,NOSE_CONE,0.07366,0.034036,0.0127,0.03302,1,ogive,Balsa,0.006803886
Semroc,BC-1330,Ogive,NOSE_CONE,0.0762,0.034036,0.0127,0.03302,1,ogive,Balsa,0.007087381
Semroc,BC-1331,Elliptical,NOSE_CONE,0.07874,0.034036,0.0127,0.03302,1,elliptical,Balsa,0.007654371
Semroc,BC-1336,Ogive,NOSE_CONE,0.09144,0.034036,0.0127,0.03302,1,ogive,Balsa,0.007937866
Semroc,BC-1339,Rounded-Ogive,NOSE_CONE,0.09906,0.034036,0.0127,0.03302,1,ogive,Balsa,0.008504857
Semroc,BC-1344,Ogive,NOSE_CONE,0.11176,0.034036,0.0127,0.03302,1,ogive,Balsa,0.009071847
Semroc,BC-1345,Elliptical,NOSE_CONE,0.11176,0.034036,0.0127,0.03302,1,elliptical,Balsa,0.009071847
Semroc,BC-1353,Secant Ogive,NOSE_CONE,0.136398,0.034036,0.0127,0.03302,1,ogive,Balsa,0.013891266
Semroc,BC-1353F,Ogive,NOSE_CONE,0.13462,0.034036,0.0127,0.03302,1,ogive,Balsa,0.013324276
Semroc,BC-1354,Ogive,NOSE_CONE,0.13716,0.034036,0.0127,0.03302,1,ogive,Balsa,0.015592238
Semroc,BC-1354C,Parabolic,NOSE_CONE,0.13716,0.034036,0.0127,0.03302,1,parabolic,Balsa,0.016442723
Semroc,BC-1364,Rounded-Ogive,NOSE_CONE,0.16256,0.034036,0.0127,0.03302,1,ogive,Balsa,0.017576704
Semroc,BC-15044,Conical,NOSE_CONE,0.11176,0.040386,0.02032,0.0381,1,cone,Balsa,0.007087381
Semroc,BC-15066,Ogive,NOSE_CONE,0.16764,0.040386,0.02032,0.0381,1,ogive,Balsa,0.009922333
Semroc,BC-15070,Ogive,NOSE_CONE,0.1778,0.040386,0.02032,0.0381,1,ogive,Balsa,0.011056314
Semroc,BC-15080,Ogive,NOSE_CONE,0.2032,0.040386,0.02032,0.0381,1,ogive,Balsa,0.012757285
Semroc,BC-15081,Rounded Ogive,NOSE_CONE,0.20574,0.040386,0.02032,0.0381,1,elliptical,Balsa,0.012190295
Semroc,BC-16100,Conical,NOSE_CONE,0.254,0.041656,0.0127,0.04064,1,cone,Balsa,0.012927383
Semroc,BC-1625,Elliptical,NOSE_CONE,0.0635,0.041656,0.0127,0.04064,1,elliptical,Balsa,0.005669905
Semroc,BC-1625P,Bezier,NOSE_CONE,0.0635,0.041656,0.0127,0.04064,1,ogive,Balsa,0.005669905
Semroc,BC-1631,Ogive,NOSE_CONE,0.07874,0.041656,0.0127,0.04064,1,ogive,Balsa,0.008504857
Semroc,BC-1634,Rounded-Ogive,NOSE_CONE,0.08636,0.041656,0.0127,0.04064,1,elliptical,Balsa,0.008788352
Semroc,BC-1636,Bezier,NOSE_CONE,0.09144,0.041656,0.0127,0.04064,1,ogive,Balsa,0.009922333
Semroc,BC-1646,Ogive,NOSE_CONE,0.11684,0.041656,0.0127,0.04064,1,ogive,Balsa,0.011056314
Semroc,BC-1647,Ogive,NOSE_CONE,0.11938,0.041656,0.0127,0.04064,1,ogive,Balsa,0.011339809
Semroc,BC-1648,Ogive,NOSE_CONE,0.12192,0.041656,0.0127,0.04064,1,ogive,Balsa,0.011623304
Semroc,BC-1650,Parabolic,NOSE_CONE,0.127,0.041656,0.0127,0.04064,1,parabolic,Balsa,0.012190295
Semroc,BC-1655,Ogive,NOSE_CONE,0.1397,0.041656,0.0127,0.04064,1,ogive,Balsa,0.013040781
Semroc,BC-1660,Ogive,NOSE_CONE,0.1524,0.041656,0.0127,0.04064,1,ogive,Balsa,0.013607771
Semroc,BC-1667,Parabolic,NOSE_CONE,0.17018,0.041656,0.0127,0.04064,1,parabolic,Balsa,0.014458257
Semroc,BC-1672,Conical-Ogive,NOSE_CONE,0.18288,0.041656,0.0127,0.04064,1,ogive,Balsa,0.016442723
Semroc,BC-1674,Ogive,NOSE_CONE,0.18796,0.041656,0.0127,0.04064,1,ogive,Balsa,0.017576704
Semroc,BC-17535,Ogive,NOSE_CONE,0.0889,0.046736,0.02032,0.04445,1,ogive,Balsa,0.013607771
Semroc,BC-17541,Ogive,NOSE_CONE,0.10414,0.046736,0.02032,0.04445,1,ogive,Balsa,0.015025247
Semroc,BC-17560,Ogive,NOSE_CONE,0.1524,0.046736,0.02032,0.04445,1,ogive,Balsa,0.019561171
Semroc,BC-17561,Elliptical,NOSE_CONE,0.15494,0.046736,0.02032,0.04445,1,elliptical,Balsa,0.020411657
Semroc,BC-17567,Bezier,NOSE_CONE,0.17018,0.046736,0.02032,0.04445,1,elliptical,Balsa,0.021545638
Semroc,BC-17585,Ogive,NOSE_CONE,0.2159,0.046736,0.02032,0.04445,1,ogive,Balsa,0.026081561
Semroc,BC-17590,Conical,NOSE_CONE,0.2286,0.046736,0.02032,0.04445,1,cone,Balsa,0.032034961
Semroc,BC-17592,Ogive,NOSE_CONE,0.23368,0.046736,0.02032,0.04445,1,ogive,Balsa,0.053580599
Semroc,BC-1828,Elliptical,NOSE_CONE,0.07112,0.046736,0.01778,0.04572,1,elliptical,Balsa,0.019844666
Semroc,BC-1835,Elliptical,NOSE_CONE,0.0889,0.046736,0.01778,0.04572,1,elliptical,Balsa,0.028349523
Semroc,BC-1837,Bezier,NOSE_CONE,0.09398,0.046736,0.01778,0.04572,1,elliptical,Balsa,0.028349523
Semroc,BC-1842,Elliptical,NOSE_CONE,0.10668,0.046736,0.01778,0.04572,1,elliptical,Balsa,0.028349523
Semroc,BC-1853,Ogive,NOSE_CONE,0.13462,0.046736,0.01778,0.04572,1,ogive,Balsa,0.01842719
Semroc,BC-1856,Ogive,NOSE_CONE,0.14224,0.046736,0.01778,0.04572,1,ogive,Balsa,0.031184475
Semroc,BC-1861,Elliptical,NOSE_CONE,0.15494,0.046736,0.01778,0.04572,1,elliptical,Balsa,0.034019428
Semroc,BC-1869,Ogive,NOSE_CONE,0.17526,0.046736,0.01778,0.04572,1,ogive,Balsa,0.034019428
Semroc,BC-1869C,Conical,NOSE_CONE,0.17526,0.046736,0.01778,0.04572,1,cone,Balsa,0.034019428
Semroc,BC-20045,Elliptical,NOSE_CONE,0.1143,0.051816,0.02032,0.0508,1,elliptical,Balsa,0.0178602
Semroc,BC-20107,Conical,NOSE_CONE,0.27178,0.051816,0.01778,0.0508,1,cone,Balsa,0.050462151
Semroc,BC-2025,Elliptical,NOSE_CONE,0.0635,0.051816,0.01778,0.0508,1,elliptical,Balsa,0.0119068
Semroc,BC-2026,Bezier,NOSE_CONE,0.06604,0.051816,0.01778,0.0508,1,elliptical,Balsa,0.012190295
Semroc,BC-2033,Elliptical,NOSE_CONE,0.08382,0.051816,0.01778,0.0508,1,elliptical,Balsa,0.017293209
Semroc,BC-2039,Bezier,NOSE_CONE,0.09906,0.051816,0.01778,0.0508,1,elliptical,Balsa,0.019561171
Semroc,BC-2045,Ogive,NOSE_CONE,0.1143,0.051816,0.01778,0.0508,1,ogive,Balsa,0.043658266
Semroc,BC-2050,Conical,NOSE_CONE,0.127,0.051816,0.01778,0.0508,1,cone,Balsa,0.038555352
Semroc,BC-2057,Ogive,NOSE_CONE,0.14478,0.051816,0.01778,0.0508,1,ogive,Balsa,0.047627199
Semroc,BC-2065,Ogive,NOSE_CONE,0.1651,0.051816,0.01778,0.0508,1,ogive,Balsa,0.050178656
Semroc,BC-2080,Elliptical,NOSE_CONE,0.2032,0.051816,0.01778,0.0508,1,elliptical,Balsa,0.055848561
Semroc,BC-225103,Fat Ogive,NOSE_CONE,0.26162,0.059436,0.02032,0.05715,1,ogive,Balsa,0.082213617
Semroc,BC-22530,Bezier,NOSE_CONE,0.0762,0.059436,0.02032,0.05715,1,elliptical,Balsa,0.025514571
Semroc,BC-22545,Elliptical,NOSE_CONE,0.1143,0.059436,0.02032,0.05715,1,elliptical,Balsa,0.029766999
Semroc,BC-22563,Bezier,NOSE_CONE,0.16002,0.059436,0.02032,0.05715,1,elliptical,Balsa,0.041957294
Semroc,BC-22567,Bezier,NOSE_CONE,0.17018,0.059436,0.02032,0.05715,1,elliptical,Balsa,0.043941761
Semroc,BC-22567E,Ogive,NOSE_CONE,0.17018,0.059436,0.02032,0.05715,1,ogive,Balsa,0.04280778
Semroc,BC-22569,Ogive,NOSE_CONE,0.17526,0.059436,0.02032,0.05715,1,ogive,Balsa,0.047343704
Semroc,BC-22578,Elliptical,NOSE_CONE,0.19812,0.059436,0.02032,0.05715,1,elliptical,Balsa,0.051029142
Semroc,BC-22579,Ogive,NOSE_CONE,0.20066,0.059436,0.02032,0.05715,1,ogive,Balsa,0.048194189
Semroc,BC-22588,Elliptical,NOSE_CONE,0.22352,0.059436,0.02032,0.05715,1,elliptical,Balsa,0.062368951
Semroc,BC-22595,Secant-Ogive,NOSE_CONE,0.2413,0.059436,0.02032,0.05715,1,Sears-haack,Balsa,0.070873808
Semroc,BC-22597,Ogive,NOSE_CONE,0.24638,0.059436,0.02032,0.05715,1,ogive,Balsa,0.07370876
Semroc,BC-27540,Blunt Ogive,NOSE_CONE,0.1016,0.072136,0.02032,0.06985,1,elliptical,Balsa,0.034869913
Semroc,BC-27554,Ogive,NOSE_CONE,0.13716,0.072136,0.02032,0.06985,1,ogive,Balsa,0.043941761
Semroc,BC-27555,Bezier,NOSE_CONE,0.1397,0.072136,0.02032,0.06985,1,elliptical,Balsa,0.045642732
Semroc,BC-505,Spherical,NOSE_CONE,0.0127,0.0137922,0.01016,0.013081,1,elliptical,Balsa,0.00056699
Semroc,BC-508,Elliptical,NOSE_CONE,0.02032,0.0137922,0.01016,0.013081,1,elliptical,Balsa,0.00056699
Semroc,BC-510,Conical,NOSE_CONE,0.0254,0.0137922,0.01016,0.013081,1,cone,Balsa,0.005669905
Semroc,BC-510P,Elliptical,NOSE_CONE,0.0254,0.0137922,0.01016,0.013081,1,elliptical,Balsa,0.00056699
Semroc,BC-512,Ogive,NOSE_CONE,0.03048,0.0137922,0.01016,0.013081,1,ogive,Balsa,0.00056699
Semroc,BC-514,Ogive,NOSE_CONE,0.03556,0.0137922,0.01016,0.013081,1,ogive,Balsa,0.000850486
Semroc,BC-515,Conical,NOSE_CONE,0.0381,0.0137922,0.01016,0.013081,1,cone,Balsa,0.000850486
Semroc,BC-515E,Ogive,NOSE_CONE,0.0381,0.0137922,0.01016,0.013081,1,ogive,Balsa,0.000850486
Semroc,BC-516,Conical,NOSE_CONE,0.04064,0.0137922,0.01016,0.013081,1,cone,Balsa,0.000850486
Semroc,BC-517,Ogive,NOSE_CONE,0.04318,0.0137922,0.01016,0.013081,1,ogive,Balsa,0.000850486
Semroc,BC-518,Ogive,NOSE_CONE,0.04572,0.0137922,0.01016,0.013081,1,ogive,Balsa,0.000850486
Semroc,BC-522,Elliptical,NOSE_CONE,0.05588,0.0137922,0.01016,0.013081,1,elliptical,Balsa,0.001133981
Semroc,BC-522P,Ogive,NOSE_CONE,0.05588,0.0137922,0.01016,0.013081,1,ogive,Balsa,0.001133981
Semroc,BC-523,Taper-Conical,NOSE_CONE,0.05842,0.0137922,0.01016,0.013081,1,Power-series,Balsa,0.001700971
Semroc,BC-524,Ogive,NOSE_CONE,0.06096,0.0137922,0.01016,0.013081,1,ogive,Balsa,0.001133981
Semroc,BC-526,Conical,NOSE_CONE,0.06604,0.0137922,0.01016,0.013081,1,cone,Balsa,0.000850486
Semroc,BC-528,Conical,NOSE_CONE,0.07112,0.0137922,0.01016,0.013081,1,cone,Balsa,0.000850486
Semroc,BC-529,Ogive,NOSE_CONE,0.07366,0.0137922,0.01016,0.013081,1,ogive,Balsa,0.001133981
Semroc,BC-708,Conical,NOSE_CONE,0.02032,0.0192786,0.0127,0.018161,1,cone,Balsa,0.005669905
Semroc,BC-710,Conical,NOSE_CONE,0.0254,0.0192786,0.0127,0.018161,1,cone,Balsa,0.000850486
Semroc,BC-711,Conical,NOSE_CONE,0.02794,0.0192786,0.0127,0.018161,1,cone,Balsa,0.000850486
Semroc,BC-714,Ogive,NOSE_CONE,0.03556,0.0192786,0.0127,0.018161,1,ogive,Balsa,0.001133981
Semroc,BC-715,Rounded Ogive,NOSE_CONE,0.0381,0.0192786,0.0127,0.018161,1,elliptical,Balsa,0.001133981
Semroc,BC-716,Elliptical,NOSE_CONE,0.04064,0.0192786,0.0127,0.018161,1,elliptical,Balsa,0.001133981
Semroc,BC-719,Ogive,NOSE_CONE,0.04826,0.0192786,0.0127,0.018161,1,ogive,Balsa,0.001133981
Semroc,BC-720,Bezier,NOSE_CONE,0.0508,0.0192786,0.0127,0.018161,1,elliptical,Balsa,0.001133981
Semroc,BC-721,Ogive,NOSE_CONE,0.05334,0.0192786,0.0127,0.018161,1,ogive,Balsa,0.001133981
Semroc,BC-722,Rounded Ogive,NOSE_CONE,0.05588,0.0192786,0.0127,0.018161,1,elliptical,Balsa,0.001133981
Semroc,BC-723,Ogive,NOSE_CONE,0.05842,0.0192786,0.0127,0.018161,1,ogive,Balsa,0.001133981
Semroc,BC-723P,Rounded Ogive,NOSE_CONE,0.05842,0.0192786,0.0127,0.018161,1,elliptical,Balsa,0.001417476
Semroc,BC-727,Ogive,NOSE_CONE,0.06858,0.0192786,0.0127,0.018161,1,ogive,Balsa,0.001417476
Semroc,BC-728,Conical,NOSE_CONE,0.07112,0.0192786,0.0127,0.018161,1,cone,Balsa,0.001417476
Semroc,BC-728F,Elliptical,NOSE_CONE,0.07112,0.0192786,0.0127,0.018161,1,elliptical,Balsa,0.001417476
Semroc,BC-730,Ogive,NOSE_CONE,0.0762,0.0192786,0.0127,0.018161,1,ogive,Balsa,0.001700971
Semroc,BC-730P,Rounded Ogive,NOSE_CONE,0.0762,0.0192786,0.0127,0.018161,1,elliptical,Balsa,0.001700971
Semroc,BC-731,Rounded Ogive,NOSE_CONE,0.07874,0.0192786,0.0127,0.018161,1,elliptical,Balsa,0.001700971
Semroc,BC-731F,Ogive,NOSE_CONE,0.07874,0.0192786,0.0127,0.018161,1,ogive,Balsa,0.001700971
Semroc,BC-733,Ogive,NOSE_CONE,0.08382,0.0192786,0.0127,0.018161,1,ogive,Balsa,0.001700971
Semroc,BC-734P,Pointed Ogive,NOSE_CONE,0.08636,0.0192786,0.0127,0.018161,1,ogive,Balsa,0.001700971
Semroc,BC-735,Ogive,NOSE_CONE,0.0889,0.0192786,0.0127,0.018161,1,ogive,Balsa,0.001700971
Semroc,BC-736,Conical,NOSE_CONE,0.09144,0.0192786,0.0127,0.018161,1,cone,Balsa,0.001700971
Semroc,BC-737,Ogive,NOSE_CONE,0.09398,0.0192786,0.0127,0.018161,1,ogive,Balsa,0.001700971
Semroc,BC-739,Conical,NOSE_CONE,0.09906,0.0192786,0.0127,0.018161,1,cone,Balsa,0.001700971
Semroc,BC-739O,Ogive,NOSE_CONE,0.09906,0.0192786,0.0127,0.018161,1,ogive,Balsa,0.001984467
Semroc,BC-744,Ogive,NOSE_CONE,0.11176,0.0192786,0.0127,0.018161,1,ogive,Balsa,0.001984467
Semroc,BC-812,Conical,NOSE_CONE,0.03048,0.0230632,0.0127,0.021971,1,cone,Balsa,0.001133981
Semroc,BC-813,Elliptical,NOSE_CONE,0.03302,0.0230632,0.0127,0.021971,1,elliptical,Balsa,0.001417476
Semroc,BC-814,Elliptical,NOSE_CONE,0.03556,0.0230632,0.0127,0.021971,1,elliptical,Balsa,0.001984467
Semroc,BC-815,Ogive,NOSE_CONE,0.0381,0.0230632,0.0127,0.021971,1,ogive,Balsa,0.001984467
Semroc,BC-817,Ogive,NOSE_CONE,0.04318,0.0230632,0.0127,0.021971,1,ogive,Balsa,0.002267962
Semroc,BC-818,Bezier,NOSE_CONE,0.04572,0.0230632,0.0127,0.021971,1,elliptical,Balsa,0.002267962
Semroc,BC-818L,Ogive,NOSE_CONE,0.04572,0.0230632,0.0127,0.021971,1,ogive,Balsa,0.002267962
Semroc,BC-819,Ogive,NOSE_CONE,0.04826,0.0230632,0.0127,0.021971,1,ogive,Balsa,0.002267962
Semroc,BC-820,Bezier,NOSE_CONE,0.0508,0.0230632,0.0127,0.021971,1,elliptical,Balsa,0.002267962
Semroc,BC-821,Elliptical,NOSE_CONE,0.05334,0.0230632,0.0127,0.021971,1,elliptical,Balsa,0.002551457
Semroc,BC-823,Ogive,NOSE_CONE,0.05842,0.0230632,0.0127,0.021971,1,ogive,Balsa,0.002834952
Semroc,BC-823E,Fat Ogive,NOSE_CONE,0.05842,0.0230632,0.0127,0.021971,1,elliptical,Balsa,0.002834952
Semroc,BC-826,Rounded Ogive,NOSE_CONE,0.06604,0.0230632,0.0127,0.021971,1,elliptical,Balsa,0.003118448
Semroc,BC-830,Ogive,NOSE_CONE,0.0762,0.0230632,0.0127,0.021971,1,ogive,Balsa,0.003401943
Semroc,BC-832,Bezier,NOSE_CONE,0.08128,0.0230632,0.0127,0.021971,1,elliptical,Balsa,0.003685438
Semroc,BC-832C,Conical,NOSE_CONE,0.08128,0.0230632,0.0127,0.021971,1,cone,Balsa,0.003118448
Semroc,BC-833,Elliptical,NOSE_CONE,0.08382,0.0230632,0.0127,0.021971,1,elliptical,Balsa,0.003685438
Semroc,BC-834C,Bezier,NOSE_CONE,0.08636,0.0230632,0.0127,0.021971,1,elliptical,Balsa,0.003401943
Semroc,BC-836,Secant-Ogive,NOSE_CONE,0.09144,0.0230632,0.0127,0.021971,1,Sears-Haack,Balsa,0.003685438
Semroc,BC-837,Ogive,NOSE_CONE,0.09398,0.0230632,0.0127,0.021971,1,ogive,Balsa,0.003685438
Semroc,BC-840,Elliptical,NOSE_CONE,0.1016,0.0230632,0.0127,0.021971,1,elliptical,Balsa,0.004252428
Semroc,BC-845,Ogive,NOSE_CONE,0.1143,0.0230632,0.0127,0.021971,1,ogive,Balsa,0.004535924
Semroc,BC-845P,Rounded Ogive,NOSE_CONE,0.1143,0.0230632,0.0127,0.021971,1,elliptical,Balsa,0.004819419
Semroc,BC-846,Rounded Ogive,NOSE_CONE,0.11684,0.0230632,0.0127,0.021971,1,elliptical,Balsa,0.004535924
Semroc,BC-847,Conical,NOSE_CONE,0.11938,0.0230632,0.0127,0.021971,1,cone,Balsa,0.005386409
Semroc,BC-847W,Ogive,NOSE_CONE,0.11938,0.0230632,0.0127,0.021971,1,ogive,Balsa,0.005386409
Semroc,BC-848,Ogive,NOSE_CONE,0.12192,0.0230632,0.0127,0.021971,1,ogive,Balsa,0.005669905
Semroc,BC-853,Ogive,NOSE_CONE,0.13462,0.0230632,0.0127,0.021971,1,ogive,Balsa,0.007654371
Semroc,BC-8F28,Ogive,NOSE_CONE,0.06985,0.0233934,0.0127,0.021971,1,ogive,Balsa,0.003401943
Semroc,BC-927,Ogive,NOSE_CONE,0.06858,0.0253492,0.01524,0.02413,1,ogive,Balsa,0.003685438
Semroc,BC-932,Elliptical,NOSE_CONE,0.08128,0.0253492,0.01524,0.02413,1,elliptical,Balsa,0.004252428
Semroc,BC-940,Bezier,NOSE_CONE,0.1016,0.0253492,0.01524,0.02413,1,elliptical,Balsa,0.004535924
Semroc,BC-944,Ogive,NOSE_CONE,0.11176,0.0253492,0.01524,0.02413,1,ogive,Balsa,0.004535924
Semroc,BNC-3A,Conical,NOSE_CONE,0.01905,0.009525,0.00635,0.0088646,1,cone,Balsa,0.000283495
Semroc,BNC-5AW,Elliptical,NOSE_CONE,0.05715,0.0137414,0.00635,0.013081,1,elliptical,Balsa,0.0059534
Semroc,BNC-5AX,Ogive,NOSE_CONE,0.05715,0.0137414,0.00635,0.013081,1,ogive,Balsa,0.005669905
Semroc,BNC-5E,Ogive,NOSE_CONE,0.035052,0.0137414,0.00635,0.013081,1,ogive,Balsa,0.00056699
Semroc,BNC-5S,Conical,NOSE_CONE,0.0381,0.0137414,0.00635,0.013081,1,cone,Balsa,0.000453592
Semroc,BNC-5V,Elliptical,NOSE_CONE,0.01905,0.0137414,0.00635,0.013081,1,elliptical,Balsa,0.000368544
Semroc,BNC-5W,Ogive,NOSE_CONE,0.072898,0.0137414,0.00635,0.013081,1,ogive,Balsa,0.001133981
Semroc,BNC-10A,Blunt Ogive,NOSE_CONE,0.020574,0.018288,0.00635,0.018034,1,elliptical,Balsa,0.000850486
Semroc,BNC-10B,Elliptical,NOSE_CONE,0.04318,0.018288,0.00635,0.018034,1,elliptical,Balsa,0.001417476
Semroc,BNC-20A,Blunt Ogive,NOSE_CONE,0.020574,0.0186944,0.009525,0.018034,1,elliptical,Balsa,0.000850486
Semroc,BNC-20AZ,Ogive,NOSE_CONE,0.0635,0.0186944,0.009525,0.018034,1,ogive,Balsa,0.001984467
Semroc,BNC-20B,Elliptical,NOSE_CONE,0.04318,0.0186944,0.009525,0.018034,1,elliptical,Balsa,0.001417476
Semroc,BNC-20CB,Ogive,NOSE_CONE,0.04445,0.0186944,0.009525,0.018034,1,ogive,Balsa,0.001417476
Semroc,BNC-20H,Elliptical,NOSE_CONE,0.02032,0.0186944,0.009525,0.018034,1,elliptical,Balsa,0.000850486
Semroc,BNC-20L,Ogive,NOSE_CONE,0.03556,0.0186944,0.009525,0.018034,1,ogive,Balsa,0.001133981
Semroc,BNC-20N,Ogive,NOSE_CONE,0.06985,0.0186944,0.009525,0.018034,1,ogive,Balsa,0.002267962
Semroc,BNC-20R,Conical,NOSE_CONE,0.06985,0.0186944,0.009525,0.018034,1,cone,Balsa,0.001984467
Semroc,BNC-20SP,Elliptical,NOSE_CONE,0.00635,0.0186944,0.009525,0.018034,1,elliptical,Balsa,0.000283495
Semroc,BNC-20Y,Conical,NOSE_CONE,0.0254,0.0186944,0.009525,0.018034,1,cone,Balsa,0.00056699
Semroc,BNC-30C,Blunt Ogive,NOSE_CONE,0.01905,0.019431,0.009525,0.018415,1,elliptical,Balsa,0.001133981
Semroc,BNC-30D,Ogive,NOSE_CONE,0.0381,0.019431,0.009525,0.018415,1,ogive,Balsa,0.001700971
Semroc,BNC-30DE,Ogive,NOSE_CONE,0.035052,0.019431,0.009525,0.018415,1,ogive,Balsa,0.001700971
Semroc,BNC-30E,Ogive,NOSE_CONE,0.05842,0.019431,0.009525,0.018415,1,ogive,Balsa,0.001984467
Semroc,BNC-40D,Ogive,NOSE_CONE,0.0381,0.020955,0.01016,0.019431,1,ogive,Balsa,0.001133981
Semroc,BNC-40F,Conical,NOSE_CONE,0.04826,0.020955,0.01016,0.019431,1,cone,Balsa,0.001984467
Semroc,BNC-40G,Ogive,NOSE_CONE,0.1143,0.020955,0.01016,0.019431,1,ogive,Balsa,0.004535924
Semroc,BNC-50C,Conical,NOSE_CONE,0.032258,0.0247904,0.0127,0.02413,1,cone,Balsa,0.001700971
Semroc,BNC-50G,Ogive,NOSE_CONE,0.14478,0.0247904,0.0127,0.02413,1,ogive,Balsa,0.00652039
Semroc,BNC-50J,Blunt Ogive,NOSE_CONE,0.034925,0.0247904,0.0127,0.02413,1,elliptical,Balsa,0.002267962
Semroc,BNC-50K,Fat Ogive,NOSE_CONE,0.06985,0.0247904,0.0127,0.02413,1,ogive,Balsa,0.003685438
Semroc,BNC-50KP,Parabolic,NOSE_CONE,0.06985,0.0247904,0.0127,0.02413,1,elliptical,Balsa,0.003685438
Semroc,BNC-50V,Conical,NOSE_CONE,0.14605,0.0247904,0.0127,0.02413,1,cone,Balsa,0.005386409
Semroc,BNC-50X,Elliptical,NOSE_CONE,0.08255,0.0247904,0.0127,0.02413,1,elliptical,Balsa,0.004252428
Semroc,BNC-50Y,Ogive,NOSE_CONE,0.111125,0.0247904,0.0127,0.02413,1,ogive,Balsa,0.004535924
Semroc,BNC-50YP,Ogive,NOSE_CONE,0.108712,0.0247904,0.0127,0.02413,1,ogive,Balsa,0.004535924
Semroc,BNC-55AA,Ogive,NOSE_CONE,0.079375,0.033655,0.01524,0.0325882,1,ogive,Balsa,0.004252428
Semroc,BNC-55AC,Secant-Ogive,NOSE_CONE,0.136525,0.033655,0.01524,0.0325882,1,Sears-haack,Balsa,0.009071847
Semroc,BNC-55ACP,Secant-Ogive,NOSE_CONE,0.14605,0.033655,0.01524,0.0325882,1,Sears-haack,Balsa,0.009355343
Semroc,BNC-55AO,Elliptical,NOSE_CONE,0.127,0.033655,0.01524,0.0325882,1,elliptical,Balsa,0.012190295
Semroc,BNC55B,Elliptical,NOSE_CONE,0.0762,0.033655,0.01524,0.0325882,1,elliptical,Balsa,0.007654371
Semroc,BNC-55CT,Rounded Ogive,NOSE_CONE,0.07366,0.033655,0.01524,0.0325882,1,elliptical,Balsa,0.006803886
Semroc,BNC-55EX,Fat Ogive,NOSE_CONE,0.08636,0.033655,0.01524,0.0325882,1,ogive,Balsa,0.008221362
Semroc,BNC-55F,Ogive,NOSE_CONE,0.10668,0.033655,0.01524,0.0325882,1,ogive,Balsa,0.010205828
Semroc,BNC-55FD,Base-Drilled Ogive,NOSE_CONE,0.10668,0.033655,0.01524,0.0325882,1,ogive,Balsa,0.0059534
Semroc,BNC-55PT,Conical,NOSE_CONE,0.15621,0.033655,0.01524,0.0325882,1,cone,Balsa,0.015875733
Semroc,BNC-55X,Elliptical,NOSE_CONE,0.10414,0.033655,0.01524,0.0325882,1,elliptical,Balsa,0.010489324
Semroc,BNC-55Z,Ogive,NOSE_CONE,0.0762,0.033655,0.01524,0.0325882,1,ogive,Balsa,0.007087381
Semroc,BNC-60AH,Elliptical,NOSE_CONE,0.168275,0.0415798,0.02032,0.040513,1,elliptical,Balsa,0.022679619
Semroc,BNC-60L,Elliptical,NOSE_CONE,0.079375,0.0415798,0.02032,0.040513,1,elliptical,Balsa,0.009638838
Semroc,BNC-60LP,Elliptical,NOSE_CONE,0.06985,0.0415798,0.02032,0.040513,1,elliptical,Balsa,0.006803886
Semroc,BNC-60MS,Elliptical,NOSE_CONE,0.06604,0.0415798,0.02032,0.040513,1,elliptical,Balsa,0.0059534
Semroc,BNC-60NA,Rounded Ogive,NOSE_CONE,0.12192,0.0415798,0.02032,0.040513,1,elliptical,Balsa,0.010489324
Semroc,BNC-60NS,Conical,NOSE_CONE,0.254,0.0415798,0.02032,0.040513,1,cone,Balsa,0.012927383
Semroc,BNC-60RL,Ogive,NOSE_CONE,0.212725,0.0415798,0.02032,0.040513,1,ogive,Balsa,0.022963114
Semroc,BNC-60X,Elliptical,NOSE_CONE,0.138684,0.0415798,0.02032,0.040513,1,elliptical,Balsa,0.017576704
Semroc,BNC-60Y,Ogive,NOSE_CONE,0.18415,0.0415798,0.02032,0.040513,1,ogive,Balsa,0.020695152
Semroc,BNC-65AF,Elliptical,NOSE_CONE,0.1016,0.0456184,0.02032,0.04445,1,elliptical,Balsa,0.014741752
Semroc,BNC-65L,Elliptical,NOSE_CONE,0.08255,0.0456184,0.02032,0.04445,1,elliptical,Balsa,0.011623304
Semroc,BNC-70AJ,Elliptical,NOSE_CONE,0.10795,0.0563118,0.02032,0.055245,1,elliptical,Balsa,0.024097095
Semroc,BNC-70CT,Bezier,NOSE_CONE,0.1143,0.0563118,0.02032,0.055245,1,elliptical,Balsa,0.025514571
Semroc,BNC-70D,Ogive,NOSE_CONE,0.10795,0.0563118,0.02032,0.055245,1,ogive,Balsa,0.025514571
Semroc,BNC-70MS,Elliptical,NOSE_CONE,0.089916,0.0563118,0.02032,0.055245,1,elliptical,Balsa,0.028349523
Semroc,BNC-70NH,Elliptical,NOSE_CONE,0.24765,0.0563118,0.02032,0.055245,1,elliptical,Balsa,0.041957294
Semroc,BNC-70HAC,Secant-Ogive,NOSE_CONE,0.232664,0.0570738,0.02032,0.055245,1,Sears-haack,Balsa,0.056699046
Semroc,BNC-70HAJ,Elliptical,NOSE_CONE,0.10795,0.0570738,0.02032,0.055245,1,elliptical,Balsa,0.024097095
Semroc,BNC-70HB,Ogive,NOSE_CONE,0.1778,0.0570738,0.02032,0.055245,1,ogive,Balsa,0.032034961
Semroc,BNC-70HCT,Bezier,NOSE_CONE,0.1143,0.0570738,0.02032,0.055245,1,elliptical,Balsa,0.025514571
Semroc,BNC-70HD,Ogive,NOSE_CONE,0.109982,0.0570738,0.02032,0.055245,1,ogive,Balsa,0.02494758
Semroc,BNC-80AH,Ogive,NOSE_CONE,0.2667,0.06604,0.0254,0.0649732,1,ogive,Balsa,0.07966216
Semroc,BNC-80AO,Ogive,NOSE_CONE,0.25146,0.06604,0.0254,0.0649732,1,ogive,Balsa,0.037988361
Semroc,BNC-80BB,Elliptical,NOSE_CONE,0.1016,0.06604,0.0254,0.0649732,1,elliptical,Balsa,0.031184475
Semroc,BNC-80D,Ogive,NOSE_CONE,0.127,0.06604,0.0254,0.0649732,1,ogive,Balsa,0.027782533
Semroc,BNC-80K,Ogive,NOSE_CONE,0.20828,0.06604,0.0254,0.0649732,1,ogive,Balsa,0.034869913
Semroc,BNC-80KA,Ogive,NOSE_CONE,0.186182,0.06604,0.0254,0.0649732,1,ogive,Balsa,0.032034961
Semroc,BNC-80KP,Rounded Ogive,NOSE_CONE,0.176022,0.06604,0.0254,0.0649732,1,elliptical,Balsa,0.031751466
Semroc,BNC-80L,Elliptical,NOSE_CONE,0.127,0.06604,0.0254,0.0649732,1,elliptical,Balsa,0.03685438
Semroc,BNC-80VE,Ogive,NOSE_CONE,0.12446,0.06604,0.0254,0.0649732,1,ogive,Balsa,0.03685438
Semroc,BNC-80HAH,Ogive,NOSE_CONE,0.2667,0.067056,0.0254,0.0649732,1,ogive,Balsa,0.07966216
Semroc,BNC-80HAO,Ogive,NOSE_CONE,0.25146,0.067056,0.0254,0.0649732,1,ogive,Balsa,0.037988361
Semroc,BNC-80HBB,Elliptical,NOSE_CONE,0.1016,0.067056,0.0254,0.0649732,1,elliptical,Balsa,0.031184475
Semroc,BNC-80HD,Ogive,NOSE_CONE,0.127,0.067056,0.0254,0.0649732,1,ogive,Balsa,0.027782533
Semroc,BNC-80HK,Ogive,NOSE_CONE,0.20828,0.067056,0.0254,0.0649732,1,ogive,Balsa,0.034869913
Semroc,BNC-80HKA,Ogive,NOSE_CONE,0.186182,0.067056,0.0254,0.0649732,1,ogive,Balsa,0.032034961
Semroc,BNC-80HKP,Rounded Ogive,NOSE_CONE,0.176022,0.067056,0.0254,0.0649732,1,elliptical,Balsa,0.031751466
Semroc,BNC-80HL,Ogive,NOSE_CONE,0.127,0.067056,0.0254,0.0649732,1,ogive,Balsa,0.03685438
